IDADE_codes,RENDA_codes,CONSUMO_codes,LATITUDE_codes,LONGITUDE_codes,CLUSTER
21.0,2.0,9.0,135.0,460.0,3
32.0,1.0,19.0,497.0,210.0,2
48.0,1.0,9.0,561.0,373.0,2
31.0,2.0,18.0,220.0,903.0,2
41.00000000000001,1.0,9.0,-1.0,-1.0,1
13.0,2.0,9.0,-1.0,-1.0,3
23.0,0.0,11.000000000000002,-1.0,-1.0,1
48.0,1.0,1.0,929.0,1.9999999999999996,2
15.0,2.0,9.0,11.0,451.0,3
20.0,0.0,15.000000000000002,-1.0,-1.0,1
22.0,0.0,9.0,949.0,17.0,0
23.0,1.0,15.000000000000002,630.0,530.0,2
19.0,2.0,1.0,904.0,417.0,2
32.0,2.0,15.000000000000002,-1.0,-1.0,3
46.99999999999999,0.0,1.0,-1.0,-1.0,1
16.0,2.0,15.000000000000002,60.99999999999999,156.0,3
26.0,1.0,1.0,-1.0,-1.0,1
29.0,1.0,15.000000000000002,-1.0,-1.0,1
24.0,2.0,14.0,182.0,119.0,3
20.0,1.0,15.000000000000002,73.0,79.0,1
71.0,0.0,16.0,-1.0,-1.0,1
9.0,0.0,8.0,791.0,957.0,0
19.0,2.0,1.0,868.0,780.0,2
19.0,0.0,15.000000000000002,-1.0,-1.0,1
41.99999999999999,1.0,1.0,533.0,351.0,2
60.0,2.0,9.0,608.0,548.0,2
24.0,0.0,1.0,-1.0,-1.0,1
13.0,0.0,16.0,-1.0,-1.0,1
56.0,2.0,15.000000000000002,233.0,676.0,2
20.0,0.0,10.0,232.0,678.0,0
19.0,0.0,15.000000000000002,134.0,128.0,1
69.0,2.0,16.0,569.0,324.0,2
21.0,2.0,16.0,-1.0,-1.0,3
19.0,2.0,18.0,79.0,80.0,3
23.0,1.0,18.0,627.0,531.0,2
37.0,1.0,18.0,639.0,563.0,2
7.0,0.0,12.999999999999998,797.0,962.0,0
24.0,1.0,15.000000000000002,562.0,356.0,2
15.0,2.0,15.000000000000002,-1.0,-1.0,3
4.0,2.0,15.000000000000002,800.0,793.0,2
26.0,2.0,4.0,141.0,691.0,2
18.0,0.0,18.0,-1.0,-1.0,1
20.0,0.0,12.999999999999998,758.0,732.0,0
19.0,0.0,12.999999999999998,874.0,833.0,0
16.0,2.0,15.000000000000002,404.0,923.0,2
45.99999999999999,2.0,15.000000000000002,729.0,824.0,2
22.0,0.0,18.0,-1.0,-1.0,1
14.0,2.0,12.0,-1.0,-1.0,3
17.0,0.0,16.0,804.0,102.0,0
19.0,0.0,15.000000000000002,872.0,797.0,0
20.0,1.0,8.0,841.0,711.0,0
25.0,1.0,16.0,487.0,205.0,2
16.0,0.0,18.0,-1.0,-1.0,1
-1.0,3.0,15.000000000000002,502.0,218.0,2
41.99999999999999,1.0,18.0,558.0,374.0,2
13.0,0.0,18.0,195.0,576.0,0
26.0,1.0,19.0,629.0,537.0,2
39.0,0.0,15.000000000000002,764.0,734.0,0
19.0,0.0,15.000000000000002,-1.0,-1.0,1
26.0,1.0,15.000000000000002,835.0,685.0,0
64.0,2.0,4.0,-1.0,-1.0,3
32.0,2.0,12.999999999999998,-1.0,-1.0,3
2.0,2.0,4.0,18.0,633.0,2
49.00000000000001,2.0,15.000000000000002,1.9999999999999996,363.0,3
11.0,0.0,15.000000000000002,12.0,805.0,0
16.0,0.0,4.0,83.0,64.0,1
18.0,0.0,18.0,122.0,812.0,0
16.0,0.0,12.999999999999998,221.0,904.0,0
16.0,1.0,12.999999999999998,447.0,268.0,2
65.99999999999999,2.0,15.000000000000002,936.0,144.0,2
16.0,1.0,15.000000000000002,-1.0,-1.0,1
14.0,0.0,15.000000000000002,-1.0,-1.0,1
19.0,0.0,15.000000000000002,704.0,801.0,0
42.99999999999999,1.0,15.000000000000002,553.0,364.0,2
39.0,1.0,15.000000000000002,315.0,136.0,1
22.0,1.0,15.000000000000002,545.0,383.0,2
19.0,0.0,15.000000000000002,709.0,854.0,0
15.0,1.0,15.000000000000002,-1.0,-1.0,1
19.0,0.0,15.000000000000002,941.0,0.0,0
19.0,2.0,15.000000000000002,863.0,783.0,2
16.0,1.0,15.000000000000002,157.0,452.0,1
21.0,2.0,15.000000000000002,298.0,170.0,3
26.0,2.0,15.000000000000002,940.0,37.0,2
23.0,0.0,15.000000000000002,-1.0,-1.0,1
16.0,2.0,15.000000000000002,-1.0,-1.0,3
16.0,0.0,16.0,-1.0,-1.0,1
18.0,0.0,9.0,80.0,67.0,1
35.0,1.0,15.000000000000002,-1.0,-1.0,1
19.0,2.0,15.000000000000002,864.0,784.0,2
16.0,0.0,4.0,382.0,900.0,0
10.0,2.0,15.000000000000002,818.0,597.0,2
18.0,0.0,15.000000000000002,-1.0,-1.0,1
32.0,2.0,15.000000000000002,169.0,591.0,2
44.0,0.0,19.0,628.0,561.0,0
49.99999999999999,2.0,15.000000000000002,732.0,726.0,2
16.0,1.0,19.0,848.0,680.0,0
21.0,2.0,15.000000000000002,832.0,717.0,2
50.99999999999999,2.0,15.000000000000002,-1.0,-1.0,3
20.0,1.0,12.999999999999998,784.0,684.0,0
18.0,0.0,15.000000000000002,196.0,541.0,0
33.0,2.0,18.0,-1.0,-1.0,3
22.0,2.0,15.000000000000002,-1.0,-1.0,3
40.00000000000001,0.0,12.999999999999998,572.0,478.0,0
20.0,0.0,15.000000000000002,-1.0,-1.0,1
17.0,0.0,19.0,856.0,637.0,0
38.0,1.0,15.000000000000002,548.0,369.0,2
28.0,0.0,18.0,-1.0,-1.0,1
15.0,2.0,15.000000000000002,-1.0,-1.0,3
23.0,2.0,12.0,290.0,935.0,2
18.0,0.0,19.0,756.0,727.0,0
21.0,1.0,15.000000000000002,-1.0,-1.0,1
16.0,2.0,15.000000000000002,-1.0,-1.0,3
21.0,0.0,4.0,-1.0,-1.0,1
34.0,1.0,17.0,469.0,271.0,2
22.0,2.0,16.0,-1.0,-1.0,3
29.0,1.0,15.000000000000002,-1.0,-1.0,1
18.0,0.0,15.000000000000002,70.0,82.0,1
31.0,0.0,16.0,448.0,264.0,0
19.0,2.0,15.000000000000002,887.0,184.0,2
29.0,2.0,15.000000000000002,-1.0,-1.0,3
18.0,0.0,15.000000000000002,-1.0,-1.0,1
72.0,2.0,15.000000000000002,305.0,187.0,3
50.99999999999999,1.0,15.000000000000002,-1.0,-1.0,3
15.0,2.0,16.0,209.0,502.0,2
9.0,0.0,12.999999999999998,970.0,624.0,0
15.0,2.0,15.000000000000002,-1.0,-1.0,3
24.0,1.0,15.000000000000002,678.0,469.0,2
18.0,2.0,18.0,-1.0,-1.0,3
14.0,0.0,18.0,-1.0,-1.0,1
23.0,0.0,18.0,746.0,744.0,0
30.0,0.0,18.0,-1.0,-1.0,1
25.0,2.0,19.0,117.0,936.0,2
15.0,0.0,9.0,-1.0,-1.0,1
12.0,1.0,12.999999999999998,286.0,431.0,2
15.0,2.0,19.0,23.0,505.00000000000006,3
77.99999999999999,0.0,15.000000000000002,492.0,207.0,0
28.0,0.0,15.000000000000002,664.0,483.0,0
20.0,1.0,4.0,-1.0,-1.0,1
16.0,2.0,19.0,-1.0,-1.0,3
21.0,2.0,15.000000000000002,-1.0,-1.0,3
31.0,0.0,15.000000000000002,488.0,180.0,0
21.0,0.0,15.000000000000002,-1.0,-1.0,1
17.0,2.0,15.000000000000002,967.0,308.0,2
15.0,0.0,18.0,167.0,499.00000000000006,0
16.0,2.0,15.000000000000002,171.0,584.0,2
49.00000000000001,0.0,15.000000000000002,738.0,931.0,0
19.0,2.0,19.0,-1.0,-1.0,3
28.0,1.0,19.0,413.0,242.0,2
44.0,2.0,15.000000000000002,419.0,260.0,2
49.00000000000001,0.0,15.000000000000002,550.0,345.0,0
27.0,1.0,15.000000000000002,430.0,257.0,2
42.99999999999999,1.0,15.000000000000002,825.0,693.0,2
29.0,1.0,9.0,-1.0,-1.0,1
39.0,0.0,16.0,-1.0,-1.0,1
35.0,0.0,4.0,846.0,660.0,0
33.0,2.0,19.0,275.0,289.0,3
37.0,2.0,8.0,737.0,932.0,2
45.99999999999999,0.0,18.0,-1.0,-1.0,1
19.0,1.0,18.0,839.0,690.0,0
30.0,1.0,15.000000000000002,-1.0,-1.0,1
49.00000000000001,0.0,19.0,310.0,342.0,0
65.0,2.0,12.999999999999998,424.0,258.0,2
25.0,2.0,15.000000000000002,-1.0,-1.0,3
25.0,0.0,19.0,299.0,148.0,1
15.0,2.0,12.999999999999998,-1.0,-1.0,3
14.0,0.0,15.000000000000002,172.0,585.0,0
21.0,0.0,12.999999999999998,-1.0,-1.0,1
22.0,2.0,12.999999999999998,-1.0,-1.0,3
21.0,2.0,12.999999999999998,22.0,503.00000000000006,3
18.0,2.0,10.0,10.0,450.0,3
11.0,2.0,12.0,13.0,387.0,3
13.0,0.0,18.0,102.0,941.0,0
25.0,0.0,16.0,-1.0,-1.0,1
53.99999999999999,2.0,12.0,-1.0,-1.0,3
22.0,2.0,15.000000000000002,-1.0,-1.0,3
24.0,1.0,12.999999999999998,-1.0,-1.0,1
17.0,2.0,18.0,-1.0,-1.0,3
24.0,0.0,18.0,722.0,757.0,0
23.0,0.0,18.0,28.0,42.0,1
17.0,0.0,18.0,249.0,639.0,0
13.0,0.0,12.999999999999998,-1.0,-1.0,1
16.0,2.0,18.0,-1.0,-1.0,3
58.99999999999999,2.0,18.0,-1.0,-1.0,3
14.0,0.0,12.999999999999998,653.0,843.0,0
9.0,0.0,12.999999999999998,302.0,413.0,0
45.99999999999999,2.0,12.999999999999998,638.0,521.0,2
30.0,0.0,12.999999999999998,421.0,247.99999999999997,0
17.0,0.0,15.000000000000002,189.0,539.0,0
8.0,0.0,12.0,-1.0,-1.0,1
14.0,2.0,15.000000000000002,351.0,430.0,2
16.0,0.0,12.0,188.0,547.0,0
31.0,1.0,12.999999999999998,457.0,223.0,2
18.0,3.0,12.0,-1.0,-1.0,3
19.0,0.0,18.0,-1.0,-1.0,1
16.0,0.0,18.0,225.0,642.0,0
35.0,2.0,12.999999999999998,393.0,280.0,2
18.0,0.0,15.000000000000002,665.0,482.0,0
22.0,2.0,12.999999999999998,-1.0,-1.0,3
20.0,0.0,12.999999999999998,-1.0,-1.0,1
11.0,0.0,12.0,432.0,251.0,0
40.00000000000001,2.0,16.0,104.0,386.0,3
27.0,3.0,16.0,-1.0,-1.0,3
67.0,2.0,16.0,442.0,890.0,2
39.0,0.0,18.0,-1.0,-1.0,1
15.0,2.0,6.0,885.0,54.0,2
22.0,2.0,16.0,-1.0,-1.0,3
19.0,0.0,6.0,892.0,59.0,0
72.0,2.0,12.999999999999998,340.0,736.0,2
24.0,1.0,12.999999999999998,611.0,558.0,2
20.0,1.0,15.000000000000002,669.0,504.0,2
39.0,1.0,17.0,354.0,440.0,2
22.0,1.0,15.000000000000002,568.0,353.0,2
26.0,1.0,18.0,554.0,367.0,2
17.0,2.0,12.999999999999998,673.0,820.0,2
22.0,2.0,15.000000000000002,969.0,55.0,2
21.0,2.0,12.999999999999998,806.0,310.0,2
15.0,1.0,8.0,-1.0,-1.0,1
14.0,0.0,12.999999999999998,179.0,578.0,0
50.99999999999999,2.0,18.0,-1.0,-1.0,3
19.0,0.0,17.0,-1.0,-1.0,1
22.0,0.0,12.0,948.0,10.0,0
26.0,2.0,16.0,360.0,776.0,2
13.0,2.0,12.999999999999998,881.0,347.0,2
20.0,0.0,18.0,744.0,701.0,0
54.99999999999999,2.0,12.999999999999998,381.0,186.0,2
26.0,0.0,12.999999999999998,692.0,873.0,0
52.0,2.0,12.999999999999998,-1.0,-1.0,3
23.0,1.0,12.999999999999998,84.0,63.0,1
29.0,1.0,18.0,467.0,241.0,2
42.99999999999999,0.0,18.0,358.0,630.0,0
15.0,2.0,12.999999999999998,304.0,673.0,2
27.0,2.0,12.999999999999998,328.0,925.0,2
22.0,0.0,12.999999999999998,968.0,49.0,0
26.0,1.0,12.999999999999998,623.0,552.0,2
18.0,2.0,16.0,15.0,631.0,2
31.0,0.0,2.0,454.0,240.0,0
21.0,0.0,12.999999999999998,528.0,706.0,0
27.0,0.0,12.999999999999998,-1.0,-1.0,1
18.0,2.0,15.000000000000002,757.0,670.0,2
56.0,2.0,18.0,695.0,897.0,2
17.0,2.0,15.000000000000002,10.0,450.0,3
72.0,2.0,12.999999999999998,365.0,270.0,2
29.0,1.0,12.999999999999998,92.0,86.0,1
40.00000000000001,2.0,18.0,396.0,880.0,2
19.0,0.0,15.000000000000002,-1.0,-1.0,1
14.0,2.0,15.000000000000002,935.0,600.0,2
32.0,0.0,12.0,438.0,231.0,0
41.99999999999999,0.0,15.000000000000002,260.0,185.0,1
33.0,2.0,18.0,36.0,141.0,3
42.99999999999999,0.0,12.0,258.0,181.0,1
23.0,2.0,15.000000000000002,875.0,832.0,2
22.0,0.0,12.0,696.0,860.0,0
8.0,0.0,9.0,46.0,978.0,0
30.0,0.0,15.000000000000002,770.0,668.0,0
28.0,2.0,12.999999999999998,514.0,404.0,2
28.0,1.0,15.000000000000002,478.0,237.0,2
35.0,0.0,15.000000000000002,-1.0,-1.0,1
28.0,2.0,15.000000000000002,697.0,647.0,2
31.0,0.0,15.000000000000002,919.0,599.0,0
45.99999999999999,2.0,15.000000000000002,-1.0,-1.0,3
20.0,0.0,15.000000000000002,-1.0,-1.0,1
41.00000000000001,1.0,18.0,356.0,628.0,2
22.0,2.0,18.0,-1.0,-1.0,3
18.0,0.0,12.999999999999998,47.0,974.0,0
20.0,0.0,12.999999999999998,-1.0,-1.0,1
18.0,1.0,15.000000000000002,-1.0,-1.0,1
23.0,0.0,12.0,-1.0,-1.0,1
17.0,2.0,15.000000000000002,100.0,513.0,3
21.0,0.0,18.0,-1.0,-1.0,1
26.0,2.0,15.000000000000002,-1.0,-1.0,3
18.0,2.0,15.000000000000002,191.0,523.0,2
57.00000000000001,2.0,15.000000000000002,-1.0,-1.0,3
52.0,2.0,18.0,-1.0,-1.0,3
18.0,0.0,18.0,320.0,893.0,0
20.0,0.0,15.000000000000002,667.0,806.0,0
18.0,0.0,12.999999999999998,745.0,657.0,0
19.0,1.0,18.0,67.0,60.0,1
14.0,2.0,18.0,-1.0,-1.0,3
58.99999999999999,0.0,15.000000000000002,439.0,243.0,0
40.00000000000001,0.0,9.0,-1.0,-1.0,1
73.99999999999999,1.0,15.000000000000002,836.0,696.0,2
17.0,2.0,12.999999999999998,-1.0,-1.0,3
7.0,2.0,16.0,915.0,989.0,2
38.0,2.0,12.0,-1.0,-1.0,3
14.0,2.0,18.0,12.0,805.0,2
18.0,1.0,12.999999999999998,826.0,682.0,0
24.0,0.0,19.0,662.0,645.0,0
25.0,1.0,16.0,-1.0,-1.0,1
18.0,0.0,15.000000000000002,708.0,752.0,0
22.0,0.0,19.0,684.0,476.0,0
21.0,0.0,18.0,-1.0,-1.0,1
34.0,2.0,19.0,783.0,694.0,2
18.0,0.0,15.000000000000002,733.0,790.0,0
25.0,0.0,12.999999999999998,-1.0,-1.0,1
18.0,0.0,18.0,742.0,702.0,0
73.0,0.0,16.0,426.0,239.0,0
17.0,0.0,8.0,229.0,627.0,0
23.0,0.0,15.000000000000002,-1.0,-1.0,1
14.0,2.0,18.0,877.0,74.0,2
28.0,1.0,16.0,455.0,274.0,2
19.0,0.0,18.0,672.0,781.0,0
37.0,0.0,16.0,523.0,574.0,0
7.0,0.0,19.0,-1.0,-1.0,1
9.0,2.0,15.000000000000002,807.0,984.0,2
76.0,2.0,15.000000000000002,-1.0,-1.0,3
56.0,2.0,15.000000000000002,-1.0,-1.0,3
38.0,0.0,15.000000000000002,425.0,621.0,0
29.0,0.0,15.000000000000002,-1.0,-1.0,1
68.0,2.0,18.0,313.0,137.0,3
13.0,0.0,15.000000000000002,-1.0,-1.0,1
39.0,1.0,19.0,74.0,69.0,1
39.0,2.0,15.000000000000002,-1.0,-1.0,3
18.0,2.0,12.0,-1.0,-1.0,3
16.0,1.0,16.0,156.0,448.0,1
28.0,2.0,12.0,-1.0,-1.0,3
49.00000000000001,2.0,16.0,-1.0,-1.0,3
33.0,2.0,12.0,-1.0,-1.0,3
23.0,2.0,16.0,974.0,32.0,2
34.0,2.0,12.0,707.0,516.0,2
20.0,2.0,18.0,982.0,38.0,2
15.0,2.0,12.0,898.0,977.0,2
32.0,0.0,2.0,975.0,26.0,0
6.0,0.0,12.0,-1.0,-1.0,1
14.0,2.0,16.0,8.0,444.0,3
30.0,2.0,16.0,394.0,284.0,2
24.0,0.0,12.999999999999998,274.0,286.0,1
42.99999999999999,0.0,16.0,339.0,528.0,0
9.0,0.0,16.0,-1.0,-1.0,1
20.0,1.0,19.0,854.0,671.0,0
20.0,1.0,8.0,93.0,83.0,1
49.99999999999999,0.0,12.999999999999998,-1.0,-1.0,1
16.0,0.0,16.0,152.0,491.0,0
32.0,2.0,12.0,979.0,36.0,2
57.00000000000001,2.0,3.0,980.0,35.0,2
16.0,1.0,12.0,-1.0,-1.0,1
17.0,1.0,12.999999999999998,204.0,540.0,2
26.0,2.0,19.0,617.0,836.0,2
15.0,0.0,18.0,12.0,805.0,0
11.0,0.0,6.0,14.0,397.0,1
14.0,0.0,4.0,187.0,566.0,0
10.0,1.0,4.0,-1.0,-1.0,1
8.0,0.0,3.0,-1.0,-1.0,1
23.0,1.0,4.0,272.0,281.0,1
15.0,0.0,12.0,-1.0,-1.0,1
15.0,0.0,12.0,777.0,622.0,0
45.00000000000001,0.0,11.000000000000002,930.0,107.0,0
15.0,0.0,18.0,-1.0,-1.0,1
15.0,2.0,19.0,63.0,983.0,2
65.99999999999999,0.0,19.0,-1.0,-1.0,1
18.0,2.0,18.0,-1.0,-1.0,3
26.0,2.0,19.0,605.0,870.0,2
11.0,0.0,4.0,-1.0,-1.0,1
15.0,1.0,11.000000000000002,-1.0,-1.0,1
17.0,0.0,12.999999999999998,149.0,928.0,0
10.0,2.0,12.0,-1.0,-1.0,3
19.0,0.0,19.0,679.0,857.0,0
13.0,2.0,15.000000000000002,-1.0,-1.0,3
19.0,0.0,0.0,599.0,838.0,0
65.99999999999999,0.0,15.000000000000002,506.0,601.0,0
0.0,2.0,15.000000000000002,16.0,635.0,2
20.0,0.0,4.0,652.0,592.0,0
23.0,0.0,15.000000000000002,132.0,594.0,0
21.0,0.0,15.000000000000002,705.0,519.0,0
10.0,0.0,14.0,9.0,472.0,1
20.0,0.0,15.000000000000002,612.0,859.0,0
26.0,2.0,15.000000000000002,259.0,183.0,3
21.0,2.0,15.000000000000002,978.0,174.0,2
21.0,0.0,16.0,660.0,484.0,0
42.99999999999999,2.0,19.0,-1.0,-1.0,3
38.0,1.0,15.000000000000002,-1.0,-1.0,1
24.0,0.0,15.000000000000002,383.0,443.0,0
18.0,1.0,12.0,91.0,90.0,1
17.0,0.0,16.0,197.0,533.0,0
18.0,0.0,15.000000000000002,136.0,405.0,1
13.0,2.0,18.0,-1.0,-1.0,3
64.0,2.0,18.0,239.0,154.0,3
49.00000000000001,0.0,16.0,390.0,489.0,0
21.0,2.0,12.999999999999998,983.0,40.0,2
53.00000000000001,2.0,19.0,625.0,551.0,2
18.0,0.0,12.999999999999998,-1.0,-1.0,1
15.0,0.0,16.0,222.0,432.0,0
35.0,1.0,18.0,265.0,285.0,1
46.99999999999999,2.0,8.0,323.0,313.0,2
16.0,0.0,12.999999999999998,-1.0,-1.0,1
8.0,2.0,18.0,19.0,634.0,2
20.0,1.0,3.0,-1.0,-1.0,1
33.0,0.0,19.0,-1.0,-1.0,1
41.00000000000001,1.0,12.999999999999998,-1.0,-1.0,1
62.99999999999999,2.0,0.0,-1.0,-1.0,3
49.00000000000001,2.0,3.0,-1.0,-1.0,3
22.0,1.0,12.999999999999998,270.0,291.0,1
17.0,2.0,16.0,-1.0,-1.0,3
39.0,0.0,12.999999999999998,870.0,865.0,0
17.0,2.0,15.000000000000002,918.0,109.0,2
38.0,0.0,16.0,337.0,164.0,1
42.99999999999999,2.0,12.999999999999998,-1.0,-1.0,3
69.99999999999999,2.0,15.000000000000002,338.0,163.0,3
16.0,0.0,12.999999999999998,42.0,939.0,0
23.0,2.0,18.0,676.0,759.0,2
20.0,0.0,15.000000000000002,-1.0,-1.0,1
10.0,0.0,3.0,-1.0,-1.0,1
31.0,2.0,12.999999999999998,780.0,720.0,2
17.0,0.0,15.000000000000002,-1.0,-1.0,1
29.0,0.0,18.0,-1.0,-1.0,1
11.0,2.0,12.999999999999998,3.0,426.0,3
29.0,0.0,12.999999999999998,-1.0,-1.0,1
31.0,1.0,16.0,-1.0,-1.0,1
34.0,1.0,12.999999999999998,473.0,201.0,2
16.0,0.0,19.0,217.0,625.0,0
10.0,2.0,15.000000000000002,938.0,986.0,2
19.0,2.0,16.0,44.0,50.0,3
2.0,2.0,4.0,292.0,587.0,2
18.0,0.0,15.000000000000002,769.0,848.0,0
32.0,0.0,18.0,-1.0,-1.0,1
21.0,2.0,15.000000000000002,-1.0,-1.0,3
36.0,2.0,15.000000000000002,899.0,75.0,2
16.0,0.0,15.000000000000002,406.0,917.0,0
21.0,1.0,15.000000000000002,746.0,744.0,0
19.0,1.0,8.0,827.0,700.0,0
30.0,1.0,18.0,-1.0,-1.0,1
10.0,2.0,18.0,0.0,412.0,3
22.0,0.0,4.0,-1.0,-1.0,1
40.00000000000001,0.0,15.000000000000002,541.0,343.0,0
15.0,1.0,11.000000000000002,-1.0,-1.0,1
25.0,0.0,15.000000000000002,461.0,394.0,0
20.0,2.0,18.0,37.0,988.0,2
22.0,0.0,15.000000000000002,643.0,626.0,0
44.0,2.0,15.000000000000002,985.0,48.0,2
24.0,0.0,16.0,325.0,332.0,0
20.0,1.0,15.000000000000002,-1.0,-1.0,1
57.00000000000001,2.0,10.0,414.0,807.0,2
15.0,0.0,18.0,-1.0,-1.0,1
14.0,0.0,15.000000000000002,-1.0,-1.0,1
30.0,1.0,15.000000000000002,-1.0,-1.0,1
9.0,0.0,18.0,-1.0,-1.0,1
17.0,0.0,16.0,27.0,982.0,0
42.99999999999999,0.0,15.000000000000002,387.0,582.0,0
23.0,0.0,4.0,-1.0,-1.0,1
19.0,1.0,15.000000000000002,-1.0,-1.0,1
33.0,1.0,12.0,-1.0,-1.0,1
-1.0,0.0,12.999999999999998,366.0,596.0,0
13.0,1.0,16.0,-1.0,-1.0,1
15.0,0.0,19.0,250.0,640.0,0
14.0,0.0,19.0,294.0,304.0,1
20.0,0.0,12.999999999999998,861.0,758.0,0
12.0,0.0,15.000000000000002,820.0,93.0,0
22.0,1.0,18.0,-1.0,-1.0,1
14.0,0.0,12.0,814.0,84.0,0
48.0,2.0,16.0,-1.0,-1.0,3
34.0,0.0,12.0,-1.0,-1.0,1
50.99999999999999,2.0,18.0,-1.0,-1.0,3
14.0,2.0,12.999999999999998,30.999999999999996,315.0,3
28.0,2.0,12.999999999999998,216.0,466.0,2
21.0,2.0,18.0,-1.0,-1.0,3
41.00000000000001,0.0,12.999999999999998,240.0,152.0,1
17.0,0.0,12.999999999999998,26.0,949.0,0
19.0,0.0,12.999999999999998,741.0,697.0,0
36.0,2.0,16.0,-1.0,-1.0,3
19.0,0.0,12.999999999999998,719.0,769.0,0
31.0,0.0,12.999999999999998,136.0,405.0,1
41.99999999999999,2.0,12.0,714.0,911.0,2
11.0,2.0,19.0,796.0,956.0,2
32.0,2.0,15.000000000000002,-1.0,-1.0,3
24.0,0.0,12.999999999999998,532.0,762.0,0
41.00000000000001,0.0,12.0,986.0,907.0,0
27.0,2.0,1.0,-1.0,-1.0,3
11.0,2.0,18.0,808.0,946.0,2
14.0,0.0,19.0,-1.0,-1.0,1
44.0,2.0,1.0,-1.0,-1.0,3
40.00000000000001,2.0,1.0,-1.0,-1.0,3
36.0,2.0,9.0,966.0,24.0,2
26.0,2.0,9.0,-1.0,-1.0,3
25.0,0.0,19.0,-1.0,-1.0,1
38.0,0.0,19.0,-1.0,-1.0,1
18.0,0.0,9.0,181.0,577.0,0
15.0,1.0,8.0,-1.0,-1.0,1
49.99999999999999,2.0,12.0,273.0,279.0,3
25.0,0.0,18.0,575.0,798.0,0
61.00000000000001,2.0,12.999999999999998,574.0,721.0,2
8.0,2.0,12.999999999999998,1.0,400.0,3
15.0,0.0,15.000000000000002,-1.0,-1.0,1
26.0,0.0,16.0,575.0,798.0,0
15.0,0.0,12.999999999999998,64.0,98.0,1
22.0,2.0,15.000000000000002,517.0,743.0,2
23.0,2.0,6.0,-1.0,-1.0,3
64.0,2.0,12.0,-1.0,-1.0,3
68.0,2.0,4.0,-1.0,-1.0,3
42.99999999999999,2.0,18.0,-1.0,-1.0,3
14.0,2.0,9.0,-1.0,-1.0,3
22.0,2.0,18.0,-1.0,-1.0,3
30.0,1.0,16.0,468.0,254.0,2
24.0,2.0,15.000000000000002,-1.0,-1.0,3
15.0,0.0,18.0,779.0,722.0,0
53.99999999999999,2.0,16.0,-1.0,-1.0,3
20.0,2.0,6.0,771.0,677.0,2
20.0,0.0,16.0,716.0,787.0,0
65.99999999999999,2.0,15.000000000000002,-1.0,-1.0,3
23.0,0.0,19.0,598.0,837.0,0
27.0,0.0,15.000000000000002,-1.0,-1.0,1
40.00000000000001,2.0,8.0,341.0,319.0,2
20.0,1.0,18.0,75.0,78.0,1
36.0,0.0,1.0,775.0,688.0,0
34.0,2.0,18.0,526.0,835.0,2
17.0,0.0,18.0,-1.0,-1.0,1
40.00000000000001,0.0,12.999999999999998,-1.0,-1.0,1
16.0,2.0,9.0,57.0,741.0,2
14.0,0.0,18.0,-1.0,-1.0,1
56.0,2.0,15.000000000000002,-1.0,-1.0,3
27.0,2.0,12.999999999999998,43.0,940.0,2
76.0,2.0,16.0,-1.0,-1.0,3
27.0,1.0,4.0,-1.0,-1.0,1
30.0,1.0,15.000000000000002,833.0,683.0,0
41.99999999999999,1.0,15.000000000000002,349.0,434.0,2
22.0,0.0,15.000000000000002,567.0,828.0,0
22.0,1.0,9.0,335.0,359.0,2
26.0,2.0,19.0,344.0,336.0,2
23.0,2.0,18.0,-1.0,-1.0,3
17.0,2.0,9.0,917.0,108.0,2
19.0,0.0,18.0,-1.0,-1.0,1
31.0,0.0,16.0,-1.0,-1.0,1
58.99999999999999,1.0,12.999999999999998,319.0,439.0,2
9.0,2.0,12.999999999999998,58.0,979.0,2
20.0,0.0,12.999999999999998,-1.0,-1.0,1
22.0,0.0,16.0,-1.0,-1.0,1
15.0,1.0,12.999999999999998,-1.0,-1.0,1
15.0,1.0,12.999999999999998,151.0,442.0,1
9.0,0.0,18.0,-1.0,-1.0,1
75.0,1.0,12.0,-1.0,-1.0,3
79.0,2.0,15.000000000000002,-1.0,-1.0,3
25.0,1.0,16.0,289.0,965.0,0
23.0,1.0,12.999999999999998,-1.0,-1.0,1
17.0,2.0,12.999999999999998,317.0,884.0,2
28.0,0.0,16.0,-1.0,-1.0,1
17.0,1.0,12.999999999999998,805.0,326.0,2
13.0,1.0,12.999999999999998,148.0,427.0,1
24.0,1.0,12.999999999999998,-1.0,-1.0,1
27.0,0.0,15.000000000000002,700.0,775.0,0
22.0,0.0,12.999999999999998,-1.0,-1.0,1
26.0,2.0,18.0,235.0,320.0,3
8.0,0.0,15.000000000000002,-1.0,-1.0,1
20.0,0.0,12.999999999999998,-1.0,-1.0,1
23.0,3.0,12.0,-1.0,-1.0,3
21.0,1.0,12.999999999999998,530.0,376.0,2
24.0,0.0,18.0,-1.0,-1.0,1
29.0,1.0,12.999999999999998,255.0,132.0,1
18.0,0.0,12.999999999999998,-1.0,-1.0,1
41.00000000000001,1.0,16.0,350.0,438.0,2
15.0,0.0,18.0,939.0,445.0,0
24.0,0.0,16.0,-1.0,-1.0,1
9.0,0.0,15.000000000000002,-1.0,-1.0,1
27.0,0.0,18.0,327.0,924.0,0
61.99999999999999,2.0,12.999999999999998,584.0,840.0,2
24.0,0.0,17.0,-1.0,-1.0,1
20.0,0.0,6.0,-1.0,-1.0,1
15.0,2.0,4.0,190.0,536.0,2
20.0,0.0,15.000000000000002,850.0,771.0,0
29.0,2.0,16.0,263.0,161.0,3
44.0,2.0,18.0,329.0,415.0,2
44.0,2.0,12.999999999999998,322.0,323.0,2
44.0,3.0,4.0,501.00000000000006,219.0,2
19.0,0.0,12.0,145.0,874.0,0
20.0,0.0,15.000000000000002,175.0,612.0,0
17.0,0.0,19.0,97.0,973.0,0
18.0,0.0,16.0,761.0,728.0,0
19.0,1.0,12.999999999999998,-1.0,-1.0,1
36.0,2.0,12.999999999999998,-1.0,-1.0,3
57.99999999999999,2.0,15.000000000000002,-1.0,-1.0,3
16.0,0.0,16.0,-1.0,-1.0,1
61.00000000000001,2.0,12.999999999999998,373.0,419.0,2
41.99999999999999,0.0,12.999999999999998,372.0,421.0,0
56.0,0.0,16.0,371.0,420.0,0
15.0,0.0,15.000000000000002,726.0,764.0,0
19.0,1.0,12.999999999999998,82.0,65.0,1
19.0,1.0,12.999999999999998,686.0,796.0,0
22.0,1.0,15.000000000000002,622.0,534.0,2
20.0,1.0,12.999999999999998,85.0,85.0,1
17.0,0.0,12.999999999999998,159.0,945.0,0
31.0,2.0,16.0,324.0,321.0,2
21.0,1.0,12.999999999999998,76.0,73.0,1
56.0,1.0,12.999999999999998,-1.0,-1.0,3
71.0,2.0,16.0,256.0,130.0,3
33.0,2.0,19.0,-1.0,-1.0,3
14.0,1.0,4.0,801.0,794.0,0
73.99999999999999,2.0,9.0,-1.0,-1.0,3
52.0,0.0,5.0,626.0,887.0,0
44.0,0.0,16.0,193.0,525.0,0
10.0,0.0,1.0,218.0,122.99999999999999,1
39.0,2.0,12.999999999999998,353.0,389.0,2
24.0,2.0,18.0,602.0,858.0,2
31.0,1.0,6.0,606.0,871.0,0
56.0,2.0,15.000000000000002,-1.0,-1.0,3
41.00000000000001,2.0,15.000000000000002,-1.0,-1.0,3
24.0,2.0,18.0,-1.0,-1.0,3
29.0,2.0,15.000000000000002,607.0,872.0,2
73.99999999999999,2.0,1.0,-1.0,-1.0,3
29.0,2.0,16.0,878.0,57.0,2
39.0,0.0,18.0,-1.0,-1.0,1
8.0,0.0,9.0,794.0,955.0,0
42.99999999999999,0.0,12.999999999999998,594.0,876.0,0
20.0,1.0,1.0,-1.0,-1.0,1
38.0,2.0,9.0,495.99999999999994,215.0,2
18.0,0.0,15.000000000000002,72.0,60.99999999999999,1
21.0,1.0,15.000000000000002,-1.0,-1.0,1
17.0,0.0,15.000000000000002,-1.0,-1.0,1
41.99999999999999,0.0,9.0,321.0,447.0,0
-1.0,1.0,15.000000000000002,-1.0,-1.0,1
40.00000000000001,0.0,15.000000000000002,376.0,455.0,0
9.0,0.0,15.000000000000002,901.0,610.0,0
26.0,2.0,15.000000000000002,415.0,410.0,2
27.0,0.0,15.000000000000002,252.0,333.0,1
67.0,2.0,15.000000000000002,213.0,614.0,2
45.00000000000001,2.0,15.000000000000002,578.0,916.0,2
21.0,0.0,15.000000000000002,-1.0,-1.0,1
29.0,1.0,15.000000000000002,308.0,134.0,1
44.0,2.0,15.000000000000002,223.0,509.00000000000006,2
34.0,1.0,12.999999999999998,624.0,553.0,2
50.99999999999999,2.0,15.000000000000002,-1.0,-1.0,3
22.0,1.0,15.000000000000002,-1.0,-1.0,1
15.0,1.0,15.000000000000002,-1.0,-1.0,1
20.0,2.0,15.000000000000002,896.0,189.0,2
21.0,1.0,18.0,832.0,717.0,0
21.0,2.0,15.000000000000002,147.0,942.0,2
19.0,0.0,15.000000000000002,136.0,405.0,1
44.0,0.0,15.000000000000002,-1.0,-1.0,1
50.99999999999999,2.0,15.000000000000002,332.0,411.0,2
33.0,2.0,15.000000000000002,-1.0,-1.0,3
28.0,0.0,15.000000000000002,-1.0,-1.0,1
15.0,0.0,15.000000000000002,694.0,898.0,0
22.0,0.0,16.0,604.0,866.0,0
65.99999999999999,2.0,15.000000000000002,-1.0,-1.0,3
65.99999999999999,2.0,12.999999999999998,-1.0,-1.0,3
16.0,0.0,1.0,56.0,943.0,0
9.0,0.0,16.0,790.0,952.0,0
21.0,2.0,12.999999999999998,962.0,104.0,2
23.0,1.0,15.000000000000002,535.0,371.0,2
19.0,2.0,16.0,736.0,851.0,2
18.0,0.0,15.000000000000002,743.0,686.0,0
15.0,1.0,15.000000000000002,-1.0,-1.0,1
16.0,0.0,15.000000000000002,-1.0,-1.0,1
26.0,0.0,15.000000000000002,-1.0,-1.0,1
64.0,0.0,15.000000000000002,590.0,493.0,0
41.00000000000001,0.0,15.000000000000002,603.0,862.0,0
20.0,2.0,15.000000000000002,150.0,194.0,3
19.0,2.0,15.000000000000002,137.0,131.0,3
61.99999999999999,2.0,15.000000000000002,150.0,194.0,3
19.0,0.0,15.000000000000002,677.0,856.0,0
27.0,1.0,15.000000000000002,924.0,1.0,2
24.0,0.0,15.000000000000002,522.0,330.0,0
16.0,0.0,15.000000000000002,-1.0,-1.0,1
42.99999999999999,2.0,15.000000000000002,869.0,653.0,2
17.0,0.0,15.000000000000002,960.0,498.0,0
26.0,0.0,15.000000000000002,-1.0,-1.0,1
33.0,0.0,15.000000000000002,-1.0,-1.0,1
-1.0,0.0,1.0,855.0,908.0,0
26.0,0.0,15.000000000000002,-1.0,-1.0,1
21.0,2.0,12.999999999999998,-1.0,-1.0,3
20.0,2.0,15.000000000000002,-1.0,-1.0,3
19.0,0.0,15.000000000000002,866.0,761.0,0
31.0,2.0,15.000000000000002,-1.0,-1.0,3
18.0,2.0,16.0,748.0,763.0,2
19.0,0.0,15.000000000000002,-1.0,-1.0,1
44.0,0.0,15.000000000000002,-1.0,-1.0,1
29.0,1.0,15.000000000000002,316.0,140.0,1
29.0,1.0,8.0,427.0,214.0,2
42.99999999999999,3.0,15.000000000000002,-1.0,-1.0,3
10.0,2.0,15.000000000000002,-1.0,-1.0,3
20.0,0.0,15.000000000000002,-1.0,-1.0,1
22.0,2.0,15.000000000000002,595.0,792.0,2
22.0,1.0,4.0,596.0,791.0,0
32.0,2.0,18.0,399.0,879.0,2
22.0,3.0,18.0,342.0,172.0,3
61.00000000000001,2.0,15.000000000000002,588.0,643.0,2
44.0,1.0,15.000000000000002,470.0,395.0,2
12.0,2.0,15.000000000000002,120.0,471.0,3
28.0,0.0,12.999999999999998,112.0,362.0,1
33.0,2.0,15.000000000000002,-1.0,-1.0,3
27.0,2.0,15.000000000000002,-1.0,-1.0,3
45.00000000000001,1.0,15.000000000000002,-1.0,-1.0,1
26.0,0.0,3.0,-1.0,-1.0,1
65.99999999999999,2.0,18.0,422.0,716.0,2
22.0,0.0,15.000000000000002,408.0,414.0,0
22.0,0.0,15.000000000000002,264.0,290.0,1
26.0,0.0,15.000000000000002,210.0,603.0,0
40.00000000000001,2.0,15.000000000000002,587.0,829.0,2
31.0,2.0,15.000000000000002,-1.0,-1.0,3
23.0,0.0,15.000000000000002,647.0,747.0,0
38.0,0.0,18.0,-1.0,-1.0,1
31.0,2.0,18.0,646.0,746.0,2
22.0,0.0,19.0,136.0,405.0,1
23.0,0.0,18.0,610.0,526.0,0
11.0,0.0,15.000000000000002,795.0,967.0,0
26.0,2.0,1.0,291.0,933.0,2
41.00000000000001,0.0,9.0,721.0,821.0,0
45.99999999999999,2.0,15.000000000000002,-1.0,-1.0,3
29.0,0.0,18.0,386.0,220.0,1
19.0,0.0,1.0,397.0,881.0,0
19.0,2.0,18.0,706.0,517.0,2
17.0,2.0,18.0,-1.0,-1.0,3
45.99999999999999,2.0,1.0,641.0,650.0,2
32.0,2.0,18.0,429.0,195.0,2
28.0,0.0,18.0,976.0,39.0,0
31.0,0.0,9.0,-1.0,-1.0,1
42.99999999999999,0.0,1.0,-1.0,-1.0,1
65.99999999999999,2.0,12.999999999999998,-1.0,-1.0,3
28.0,0.0,19.0,-1.0,-1.0,1
48.0,2.0,12.999999999999998,125.0,583.0,2
41.00000000000001,2.0,12.999999999999998,491.0,396.0,2
42.99999999999999,2.0,15.000000000000002,589.0,844.0,2
17.0,0.0,12.999999999999998,176.0,889.0,0
15.0,0.0,15.000000000000002,-1.0,-1.0,1
36.0,2.0,15.000000000000002,511.00000000000006,646.0,2
14.0,0.0,15.000000000000002,-1.0,-1.0,1
46.99999999999999,0.0,12.999999999999998,507.00000000000006,731.0,0
14.0,0.0,16.0,-1.0,-1.0,1
9.0,0.0,15.000000000000002,-1.0,-1.0,1
38.0,2.0,12.999999999999998,888.0,138.0,2
18.0,0.0,12.999999999999998,728.0,755.0,0
21.0,2.0,15.000000000000002,723.0,510.0,2
39.0,1.0,15.000000000000002,-1.0,-1.0,1
50.99999999999999,2.0,16.0,-1.0,-1.0,3
16.0,1.0,12.999999999999998,-1.0,-1.0,1
29.0,2.0,15.000000000000002,-1.0,-1.0,3
38.0,3.0,16.0,824.0,704.0,2
22.0,2.0,16.0,710.0,913.0,2
23.0,0.0,15.000000000000002,650.0,669.0,0
26.0,2.0,9.0,-1.0,-1.0,3
16.0,0.0,2.0,750.0,767.0,0
14.0,0.0,15.000000000000002,-1.0,-1.0,1
40.00000000000001,2.0,16.0,-1.0,-1.0,3
41.00000000000001,2.0,4.0,311.0,173.0,3
77.0,1.0,15.000000000000002,-1.0,-1.0,3
27.0,0.0,15.000000000000002,312.0,135.0,1
34.0,2.0,16.0,-1.0,-1.0,3
10.0,0.0,12.0,816.0,595.0,0
14.0,0.0,16.0,-1.0,-1.0,1
16.0,0.0,18.0,140.0,944.0,0
11.0,2.0,12.999999999999998,879.0,990.0,2
53.00000000000001,0.0,15.000000000000002,459.0,402.0,0
10.0,0.0,12.999999999999998,17.0,632.0,0
23.0,0.0,15.000000000000002,977.0,25.0,0
17.0,0.0,18.0,747.0,738.0,0
34.0,0.0,15.000000000000002,-1.0,-1.0,1
32.0,2.0,15.000000000000002,242.0,179.0,3
21.0,0.0,15.000000000000002,651.0,664.0,0
62.99999999999999,2.0,15.000000000000002,734.0,819.0,2
16.0,0.0,15.000000000000002,127.0,937.0,0
10.0,0.0,18.0,300.0,958.0,0
10.0,2.0,15.000000000000002,-1.0,-1.0,3
26.0,2.0,7.0,-1.0,-1.0,3
14.0,0.0,15.000000000000002,-1.0,-1.0,1
33.0,1.0,15.000000000000002,-1.0,-1.0,1
65.0,2.0,15.000000000000002,649.0,667.0,2
20.0,0.0,16.0,77.0,66.0,1
24.0,0.0,15.000000000000002,-1.0,-1.0,1
21.0,2.0,6.0,-1.0,-1.0,3
25.0,0.0,15.000000000000002,-1.0,-1.0,1
19.0,0.0,15.000000000000002,755.0,651.0,0
22.0,1.0,15.000000000000002,-1.0,-1.0,1
16.0,1.0,19.0,-1.0,-1.0,1
39.0,0.0,0.0,-1.0,-1.0,1
22.0,2.0,18.0,812.0,318.0,2
8.0,2.0,18.0,-1.0,-1.0,3
15.0,0.0,15.000000000000002,823.0,707.0,0
20.0,0.0,18.0,-1.0,-1.0,1
21.0,0.0,15.000000000000002,-1.0,-1.0,1
26.0,0.0,19.0,253.0,335.0,1
29.0,2.0,18.0,-1.0,-1.0,3
8.0,0.0,12.999999999999998,789.0,953.0,0
38.0,1.0,12.999999999999998,357.0,433.0,2
18.0,2.0,12.999999999999998,911.0,126.0,2
30.0,0.0,12.999999999999998,-1.0,-1.0,1
16.0,2.0,18.0,912.0,127.0,2
34.0,2.0,15.000000000000002,263.0,161.0,3
18.0,0.0,6.0,-1.0,-1.0,1
18.0,0.0,4.0,681.0,863.0,0
40.00000000000001,0.0,4.0,776.0,659.0,0
14.0,2.0,15.000000000000002,183.0,649.0,2
31.0,1.0,0.0,-1.0,-1.0,1
15.0,2.0,16.0,802.0,971.0,2
28.0,0.0,18.0,642.0,785.0,0
24.0,0.0,8.0,654.0,773.0,0
57.00000000000001,2.0,18.0,144.0,611.0,2
33.0,0.0,15.000000000000002,237.0,151.0,1
23.0,0.0,12.999999999999998,601.0,620.0,0
17.0,2.0,16.0,-1.0,-1.0,3
39.0,0.0,18.0,-1.0,-1.0,1
45.99999999999999,2.0,4.0,703.0,902.0,2
35.0,0.0,12.999999999999998,244.0,133.0,1
22.0,0.0,16.0,-1.0,-1.0,1
26.0,2.0,12.999999999999998,163.0,158.0,3
10.0,1.0,15.000000000000002,891.0,468.0,0
39.0,1.0,12.999999999999998,-1.0,-1.0,1
21.0,0.0,15.000000000000002,-1.0,-1.0,1
25.0,0.0,12.999999999999998,417.0,325.0,0
28.0,2.0,12.999999999999998,883.0,950.0,2
32.0,1.0,15.000000000000002,440.0,256.0,2
37.0,0.0,16.0,96.0,826.0,0
24.0,0.0,12.999999999999998,-1.0,-1.0,1
23.0,0.0,18.0,685.0,875.0,0
17.0,2.0,16.0,29.0,915.0,2
9.0,0.0,12.999999999999998,52.0,980.0,0
44.0,0.0,16.0,388.0,729.0,0
37.0,3.0,9.0,-1.0,-1.0,3
17.0,0.0,9.0,446.0,197.0,0
18.0,0.0,15.000000000000002,-1.0,-1.0,1
14.0,1.0,8.0,-1.0,-1.0,1
44.0,0.0,19.0,600.0,619.0,0
20.0,0.0,9.0,-1.0,-1.0,1
21.0,0.0,18.0,-1.0,-1.0,1
19.0,1.0,1.0,-1.0,-1.0,1
19.0,1.0,15.000000000000002,35.0,47.0,1
13.0,2.0,15.000000000000002,-1.0,-1.0,3
17.0,0.0,1.0,49.0,382.0,1
22.0,1.0,15.000000000000002,547.0,357.0,2
26.0,2.0,8.0,527.0,617.0,2
39.0,1.0,1.0,555.0,365.0,2
20.0,0.0,1.0,-1.0,-1.0,1
18.0,0.0,18.0,837.0,698.0,0
39.0,1.0,1.0,153.0,458.0,2
22.0,0.0,9.0,54.0,100.0,1
23.0,0.0,14.0,981.0,23.0,0
34.0,2.0,15.000000000000002,231.0,182.0,3
21.0,0.0,12.999999999999998,620.0,556.0,0
36.0,0.0,12.999999999999998,658.0,507.00000000000006,0
27.0,2.0,12.999999999999998,691.0,818.0,2
21.0,1.0,15.000000000000002,480.0,224.0,2
46.99999999999999,1.0,9.0,355.0,436.0,2
20.0,0.0,9.0,55.0,473.0,1
27.0,2.0,18.0,-1.0,-1.0,3
26.0,1.0,18.0,474.0,198.0,2
13.0,0.0,10.0,-1.0,-1.0,1
31.0,0.0,15.000000000000002,-1.0,-1.0,1
18.0,0.0,15.000000000000002,536.0,350.0,0
22.0,2.0,15.000000000000002,-1.0,-1.0,3
20.0,2.0,15.000000000000002,907.0,51.0,2
49.99999999999999,2.0,15.000000000000002,347.0,435.0,2
22.0,2.0,16.0,-1.0,-1.0,3
28.0,2.0,18.0,-1.0,-1.0,3
21.0,1.0,18.0,559.0,377.0,2
3.0,2.0,12.999999999999998,-1.0,-1.0,3
14.0,0.0,15.000000000000002,405.0,918.0,0
24.0,2.0,15.000000000000002,905.0,52.0,2
18.0,2.0,12.999999999999998,30.0,43.0,3
28.0,2.0,15.000000000000002,180.0,580.0,2
15.0,0.0,15.000000000000002,851.0,695.0,0
35.0,0.0,15.000000000000002,906.0,53.0,0
49.99999999999999,2.0,15.000000000000002,-1.0,-1.0,3
61.00000000000001,2.0,16.0,-1.0,-1.0,3
13.0,0.0,8.0,-1.0,-1.0,1
20.0,0.0,15.000000000000002,24.0,44.0,1
14.0,0.0,12.999999999999998,-1.0,-1.0,1
12.0,1.0,18.0,-1.0,-1.0,1
11.0,0.0,12.999999999999998,-1.0,-1.0,1
21.0,0.0,12.0,103.0,951.0,0
13.0,0.0,8.0,-1.0,-1.0,1
7.0,0.0,19.0,51.0,975.0,0
33.0,2.0,12.0,644.0,789.0,2
17.0,1.0,19.0,-1.0,-1.0,1
23.0,0.0,18.0,-1.0,-1.0,1
15.0,0.0,5.0,778.0,665.0,0
21.0,0.0,15.000000000000002,271.0,299.0,1
17.0,0.0,16.0,972.0,146.0,0
45.99999999999999,2.0,15.000000000000002,674.0,847.0,2
69.0,2.0,4.0,923.0,33.0,2
42.99999999999999,0.0,15.000000000000002,-1.0,-1.0,1
75.0,2.0,10.0,715.0,814.0,2
29.0,0.0,15.000000000000002,463.0,263.0,0
23.0,2.0,15.000000000000002,-1.0,-1.0,3
18.0,1.0,16.0,277.0,295.0,1
29.0,0.0,4.0,276.0,292.0,1
27.0,2.0,15.000000000000002,-1.0,-1.0,3
7.0,0.0,4.0,403.0,360.0,0
14.0,0.0,19.0,359.0,777.0,0
14.0,0.0,11.000000000000002,-1.0,-1.0,1
21.0,0.0,15.000000000000002,283.0,296.0,1
23.0,0.0,15.000000000000002,636.0,778.0,0
36.0,2.0,15.000000000000002,-1.0,-1.0,3
41.00000000000001,2.0,16.0,922.0,30.999999999999996,2
45.99999999999999,2.0,15.000000000000002,510.0,867.0,2
7.0,0.0,15.000000000000002,-1.0,-1.0,1
23.0,0.0,15.000000000000002,257.0,305.0,1
58.99999999999999,2.0,15.000000000000002,739.0,703.0,2
52.0,2.0,7.0,-1.0,-1.0,3
20.0,0.0,8.0,121.0,813.0,0
21.0,0.0,15.000000000000002,-1.0,-1.0,1
27.0,2.0,15.000000000000002,-1.0,-1.0,3
24.0,2.0,15.000000000000002,-1.0,-1.0,3
31.0,2.0,15.000000000000002,-1.0,-1.0,3
26.0,0.0,15.000000000000002,702.0,886.0,0
29.0,0.0,15.000000000000002,479.0,236.0,0
46.99999999999999,2.0,15.000000000000002,-1.0,-1.0,3
17.0,1.0,15.000000000000002,-1.0,-1.0,1
13.0,0.0,15.000000000000002,815.0,89.0,0
22.0,2.0,9.0,-1.0,-1.0,3
16.0,0.0,15.000000000000002,763.0,735.0,0
20.0,2.0,16.0,110.0,340.0,3
26.0,1.0,16.0,-1.0,-1.0,1
16.0,0.0,15.000000000000002,693.0,869.0,0
17.0,0.0,15.000000000000002,130.0,150.0,1
20.0,0.0,15.000000000000002,261.0,309.0,1
23.0,1.0,15.000000000000002,489.0,203.0,2
61.00000000000001,2.0,15.000000000000002,-1.0,-1.0,3
20.0,0.0,18.0,-1.0,-1.0,1
20.0,0.0,15.000000000000002,932.0,29.0,0
5.0,2.0,19.0,174.0,891.0,2
18.0,2.0,4.0,-1.0,-1.0,3
16.0,2.0,9.0,-1.0,-1.0,3
7.0,2.0,15.000000000000002,-1.0,-1.0,3
16.0,0.0,15.000000000000002,-1.0,-1.0,1
13.0,0.0,15.000000000000002,207.0,545.0,0
57.00000000000001,2.0,16.0,361.0,403.0,2
26.0,2.0,12.999999999999998,-1.0,-1.0,3
21.0,2.0,15.000000000000002,-1.0,-1.0,3
23.0,0.0,15.000000000000002,539.0,339.0,0
64.0,2.0,15.000000000000002,-1.0,-1.0,3
36.0,2.0,18.0,71.0,607.0,2
18.0,0.0,15.000000000000002,-1.0,-1.0,1
48.0,2.0,19.0,412.0,230.0,2
79.0,2.0,18.0,955.0,15.0,2
58.99999999999999,2.0,12.999999999999998,-1.0,-1.0,3
41.99999999999999,2.0,15.000000000000002,-1.0,-1.0,3
36.0,2.0,16.0,621.0,816.0,2
19.0,0.0,15.000000000000002,687.0,864.0,0
23.0,0.0,15.000000000000002,-1.0,-1.0,1
23.0,2.0,15.000000000000002,416.0,808.0,2
13.0,0.0,15.000000000000002,-1.0,-1.0,1
18.0,2.0,12.0,251.0,636.0,2
58.99999999999999,2.0,15.000000000000002,727.0,906.0,2
19.0,2.0,15.000000000000002,703.0,902.0,2
21.0,0.0,15.000000000000002,718.0,515.0,0
16.0,0.0,15.000000000000002,768.0,802.0,0
15.0,0.0,3.0,186.0,564.0,0
21.0,2.0,3.0,557.0,753.0,2
22.0,0.0,5.0,268.0,302.0,1
23.0,0.0,15.000000000000002,-1.0,-1.0,1
15.0,0.0,4.0,398.0,882.0,0
18.0,0.0,18.0,38.0,171.0,1
24.0,1.0,19.0,844.0,713.0,0
-1.0,2.0,1.0,-1.0,-1.0,3
60.0,2.0,12.999999999999998,-1.0,-1.0,3
24.0,0.0,9.0,656.0,831.0,0
20.0,2.0,15.000000000000002,-1.0,-1.0,3
16.0,0.0,15.000000000000002,751.0,901.0,0
39.0,2.0,15.000000000000002,631.0,549.0,2
15.0,1.0,15.000000000000002,126.0,938.0,0
45.00000000000001,2.0,15.000000000000002,-1.0,-1.0,3
18.0,0.0,15.000000000000002,712.0,914.0,0
22.0,1.0,15.000000000000002,-1.0,-1.0,1
29.0,1.0,15.000000000000002,521.0,328.0,2
22.0,0.0,15.000000000000002,285.0,294.0,1
30.0,0.0,19.0,773.0,615.0,0
18.0,2.0,15.000000000000002,-1.0,-1.0,3
16.0,0.0,15.000000000000002,129.0,147.0,1
52.0,2.0,19.0,443.0,259.0,2
42.99999999999999,0.0,19.0,279.0,293.0,1
21.0,2.0,19.0,-1.0,-1.0,3
39.0,0.0,8.0,876.0,95.0,0
48.0,0.0,18.0,346.0,165.0,1
25.0,2.0,8.0,-1.0,-1.0,3
29.0,2.0,18.0,-1.0,-1.0,3
38.0,2.0,16.0,-1.0,-1.0,3
31.0,2.0,9.0,-1.0,-1.0,3
-1.0,1.0,9.0,-1.0,-1.0,1
21.0,2.0,19.0,-1.0,-1.0,3
18.0,0.0,19.0,-1.0,-1.0,1
14.0,0.0,19.0,857.0,909.0,0
24.0,0.0,9.0,281.0,288.0,1
14.0,0.0,19.0,-1.0,-1.0,1
29.0,0.0,19.0,68.0,77.0,1
29.0,0.0,12.999999999999998,-1.0,-1.0,1
22.0,1.0,15.000000000000002,-1.0,-1.0,1
28.0,2.0,18.0,893.0,972.0,2
61.99999999999999,2.0,12.999999999999998,-1.0,-1.0,3
24.0,2.0,12.999999999999998,-1.0,-1.0,3
16.0,0.0,12.999999999999998,138.0,465.0,1
35.0,2.0,4.0,-1.0,-1.0,3
29.0,1.0,9.0,-1.0,-1.0,1
19.0,2.0,12.0,105.0,117.0,3
16.0,0.0,12.999999999999998,753.0,608.0,0
22.0,1.0,12.999999999999998,-1.0,-1.0,1
53.99999999999999,2.0,2.0,-1.0,-1.0,3
15.0,0.0,18.0,-1.0,-1.0,1
18.0,2.0,12.999999999999998,683.0,474.0,2
13.0,2.0,12.999999999999998,123.99999999999999,799.0,2
39.0,2.0,12.999999999999998,-1.0,-1.0,3
23.0,2.0,18.0,-1.0,-1.0,3
24.0,2.0,12.999999999999998,106.0,623.0,2
15.0,0.0,12.999999999999998,458.0,275.0,0
12.0,2.0,12.999999999999998,563.0,384.0,2
20.0,0.0,4.0,-1.0,-1.0,1
20.0,0.0,18.0,-1.0,-1.0,1
53.00000000000001,2.0,12.999999999999998,368.0,529.0,2
32.0,2.0,12.999999999999998,-1.0,-1.0,3
22.0,0.0,12.0,374.0,262.0,0
21.0,0.0,4.0,963.0,105.0,0
29.0,0.0,12.999999999999998,-1.0,-1.0,1
53.99999999999999,0.0,4.0,345.0,571.0,0
17.0,2.0,12.999999999999998,-1.0,-1.0,3
65.0,2.0,12.999999999999998,-1.0,-1.0,3
17.0,2.0,15.000000000000002,41.0,168.0,3
21.0,1.0,15.000000000000002,378.0,250.0,2
20.0,0.0,16.0,859.0,751.0,0
24.0,1.0,18.0,540.0,380.0,2
11.0,2.0,12.0,7.0,459.0,3
20.0,2.0,12.999999999999998,230.0,629.0,2
18.0,0.0,12.0,-1.0,-1.0,1
19.0,2.0,4.0,78.0,106.0,3
18.0,0.0,18.0,-1.0,-1.0,1
77.99999999999999,2.0,15.000000000000002,616.0,488.0,2
28.0,2.0,12.999999999999998,-1.0,-1.0,3
53.99999999999999,2.0,4.0,111.0,361.0,3
13.0,1.0,16.0,-1.0,-1.0,1
30.0,0.0,15.000000000000002,-1.0,-1.0,1
12.0,0.0,16.0,811.0,88.0,0
18.0,0.0,18.0,131.0,149.0,1
15.0,2.0,12.999999999999998,895.0,58.0,2
52.0,1.0,18.0,494.0,209.0,2
72.0,2.0,15.000000000000002,579.0,652.0,2
21.0,1.0,12.0,565.0,372.0,2
16.0,2.0,15.000000000000002,799.0,307.0,2
23.0,0.0,18.0,-1.0,-1.0,1
5.0,0.0,12.999999999999998,-1.0,-1.0,1
18.0,0.0,12.0,33.0,46.0,1
14.0,2.0,12.0,897.0,216.0,2
60.0,2.0,12.999999999999998,688.0,485.0,2
24.0,2.0,15.000000000000002,-1.0,-1.0,3
8.0,2.0,18.0,-1.0,-1.0,3
22.0,2.0,12.0,-1.0,-1.0,3
22.0,0.0,12.0,950.0,7.0,0
14.0,1.0,12.999999999999998,-1.0,-1.0,1
49.00000000000001,0.0,12.999999999999998,494.99999999999994,322.0,0
17.0,0.0,16.0,-1.0,-1.0,1
15.0,0.0,15.000000000000002,847.0,724.0,0
31.0,1.0,12.999999999999998,-1.0,-1.0,1
68.0,2.0,15.000000000000002,640.0,849.0,2
29.0,0.0,9.0,433.0,228.0,0
42.99999999999999,0.0,16.0,585.0,654.0,0
16.0,2.0,4.0,-1.0,-1.0,3
12.0,2.0,15.000000000000002,-1.0,-1.0,3
23.0,2.0,15.000000000000002,-1.0,-1.0,3
24.0,0.0,12.999999999999998,336.0,192.0,1
17.0,0.0,15.000000000000002,-1.0,-1.0,1
26.0,2.0,12.999999999999998,-1.0,-1.0,3
38.0,2.0,18.0,-1.0,-1.0,3
27.0,2.0,9.0,-1.0,-1.0,3
40.00000000000001,2.0,12.0,508.0,733.0,2
26.0,0.0,8.0,-1.0,-1.0,1
67.0,2.0,15.000000000000002,-1.0,-1.0,3
40.00000000000001,0.0,12.999999999999998,-1.0,-1.0,1
57.99999999999999,2.0,12.0,-1.0,-1.0,3
17.0,1.0,15.000000000000002,832.0,717.0,0
28.0,1.0,16.0,-1.0,-1.0,1
12.0,0.0,19.0,-1.0,-1.0,1
18.0,0.0,18.0,-1.0,-1.0,1
14.0,0.0,15.000000000000002,-1.0,-1.0,1
17.0,0.0,15.000000000000002,-1.0,-1.0,1
17.0,0.0,12.999999999999998,90.0,76.0,1
20.0,0.0,16.0,724.0,766.0,0
16.0,2.0,15.000000000000002,0.0,412.0,3
15.0,1.0,15.000000000000002,760.0,687.0,0
18.0,0.0,15.000000000000002,359.0,777.0,0
26.0,2.0,8.0,914.0,770.0,2
60.0,0.0,15.000000000000002,494.99999999999994,322.0,0
14.0,0.0,15.000000000000002,-1.0,-1.0,1
21.0,1.0,15.000000000000002,947.0,6.0,2
45.99999999999999,2.0,15.000000000000002,-1.0,-1.0,3
45.00000000000001,2.0,15.000000000000002,-1.0,-1.0,3
17.0,0.0,15.000000000000002,615.0,616.0,0
48.0,0.0,18.0,-1.0,-1.0,1
33.0,1.0,19.0,504.0,265.0,2
21.0,0.0,19.0,971.0,145.0,0
28.0,2.0,18.0,451.0,235.0,2
19.0,1.0,15.000000000000002,-1.0,-1.0,1
18.0,2.0,12.999999999999998,-1.0,-1.0,3
16.0,2.0,15.000000000000002,613.0,546.0,2
20.0,0.0,18.0,-1.0,-1.0,1
15.0,0.0,15.000000000000002,-1.0,-1.0,1
29.0,1.0,18.0,-1.0,-1.0,1
15.0,1.0,15.000000000000002,785.0,674.0,0
24.0,1.0,12.0,-1.0,-1.0,1
65.0,2.0,15.000000000000002,-1.0,-1.0,3
26.0,2.0,15.000000000000002,959.0,22.0,2
26.0,0.0,15.000000000000002,-1.0,-1.0,1
29.0,0.0,16.0,379.0,159.0,1
21.0,2.0,19.0,925.0,337.0,2
53.00000000000001,2.0,15.000000000000002,583.0,606.0,2
57.00000000000001,0.0,15.000000000000002,377.0,245.0,1
29.0,0.0,15.000000000000002,445.0,232.0,0
31.0,1.0,15.000000000000002,597.0,618.0,2
24.0,2.0,15.000000000000002,-1.0,-1.0,3
67.0,2.0,15.000000000000002,576.0,749.0,2
17.0,1.0,16.0,834.0,705.0,0
29.0,0.0,12.999999999999998,472.0,234.0,0
38.0,2.0,15.000000000000002,577.0,750.0,2
35.0,1.0,18.0,-1.0,-1.0,1
49.00000000000001,2.0,1.0,238.0,153.0,3
19.0,0.0,18.0,571.0,795.0,0
37.0,1.0,1.0,519.0,327.0,2
12.0,0.0,15.000000000000002,25.0,948.0,0
41.00000000000001,0.0,9.0,520.0,329.0,0
22.0,0.0,0.0,234.0,155.0,1
54.99999999999999,3.0,15.000000000000002,525.0,331.0,2
18.0,2.0,18.0,108.0,125.0,3
26.0,0.0,16.0,410.0,768.0,0
15.0,0.0,16.0,-1.0,-1.0,1
40.00000000000001,1.0,12.999999999999998,437.0,398.0,2
61.00000000000001,2.0,15.000000000000002,633.0,557.0,2
12.0,0.0,9.0,-1.0,-1.0,1
16.0,0.0,18.0,774.0,803.0,0
22.0,2.0,15.000000000000002,840.0,756.0,2
27.0,0.0,19.0,-1.0,-1.0,1
25.0,2.0,12.999999999999998,-1.0,-1.0,3
35.0,1.0,18.0,420.0,200.0,2
17.0,2.0,15.000000000000002,247.99999999999997,765.0,2
28.0,0.0,15.000000000000002,-1.0,-1.0,1
35.0,2.0,15.000000000000002,164.0,605.0,2
13.0,0.0,15.000000000000002,211.0,602.0,0
12.0,2.0,12.999999999999998,-1.0,-1.0,3
22.0,0.0,15.000000000000002,241.0,809.0,0
19.0,2.0,15.000000000000002,908.0,110.0,2
36.0,1.0,16.0,766.0,850.0,0
14.0,2.0,4.0,392.0,830.0,2
21.0,0.0,9.0,-1.0,-1.0,1
33.0,0.0,12.999999999999998,-1.0,-1.0,1
68.0,2.0,16.0,592.0,811.0,2
15.0,2.0,16.0,-1.0,-1.0,3
16.0,0.0,8.0,754.0,648.0,0
62.99999999999999,0.0,12.999999999999998,436.0,317.0,0
17.0,2.0,4.0,767.0,672.0,2
22.0,0.0,12.0,-1.0,-1.0,1
44.0,0.0,16.0,-1.0,-1.0,1
20.0,0.0,18.0,254.0,129.0,1
30.0,1.0,15.000000000000002,-1.0,-1.0,1
48.0,1.0,15.000000000000002,476.0,199.0,2
20.0,1.0,15.000000000000002,-1.0,-1.0,1
15.0,2.0,15.000000000000002,-1.0,-1.0,3
16.0,2.0,15.000000000000002,858.0,852.0,2
-1.0,2.0,12.999999999999998,551.0,366.0,2
16.0,0.0,19.0,-1.0,-1.0,1
21.0,0.0,19.0,500.0,212.0,0
41.99999999999999,2.0,12.999999999999998,-1.0,-1.0,3
16.0,0.0,12.0,782.0,689.0,0
9.0,0.0,12.999999999999998,-1.0,-1.0,1
13.0,2.0,19.0,20.0,494.0,3
24.0,0.0,12.999999999999998,226.0,162.0,1
38.0,2.0,19.0,-1.0,-1.0,3
15.0,0.0,16.0,717.0,885.0,0
23.0,1.0,16.0,53.0,56.0,1
14.0,1.0,12.0,146.0,927.0,0
20.0,1.0,4.0,86.0,71.0,1
16.0,2.0,18.0,-1.0,-1.0,3
32.0,2.0,16.0,958.0,21.0,2
14.0,1.0,4.0,-1.0,-1.0,1
21.0,0.0,12.0,-1.0,-1.0,1
41.00000000000001,0.0,12.0,409.0,316.0,0
65.99999999999999,2.0,9.0,699.0,919.0,2
23.0,0.0,15.000000000000002,556.0,754.0,0
30.0,1.0,12.0,428.0,208.0,2
23.0,1.0,3.0,280.0,300.0,1
22.0,0.0,0.0,205.0,569.0,0
28.0,2.0,16.0,549.0,641.0,2
61.99999999999999,2.0,16.0,593.0,822.0,2
15.0,0.0,12.999999999999998,731.0,725.0,0
33.0,1.0,18.0,503.00000000000006,233.0,2
20.0,2.0,4.0,951.0,9.0,2
15.0,0.0,19.0,-1.0,-1.0,1
16.0,0.0,18.0,60.0,97.0,1
25.0,2.0,4.0,227.0,572.0,2
32.0,2.0,16.0,884.0,278.0,2
69.0,2.0,18.0,-1.0,-1.0,3
28.0,2.0,18.0,-1.0,-1.0,3
16.0,0.0,4.0,817.0,87.0,0
8.0,2.0,4.0,303.0,959.0,2
21.0,2.0,4.0,-1.0,-1.0,3
1.0,2.0,18.0,-1.0,-1.0,3
37.0,0.0,8.0,765.0,737.0,0
15.0,0.0,19.0,-1.0,-1.0,1
21.0,2.0,12.0,752.0,786.0,2
20.0,0.0,18.0,944.0,8.0,0
42.99999999999999,2.0,12.0,701.0,774.0,2
23.0,2.0,4.0,942.0,5.0,2
28.0,2.0,19.0,228.0,424.0,2
6.0,2.0,15.000000000000002,-1.0,-1.0,3
24.0,0.0,4.0,645.0,604.0,0
44.0,2.0,15.000000000000002,-1.0,-1.0,3
23.0,0.0,15.000000000000002,184.0,535.0,0
19.0,2.0,11.000000000000002,288.0,861.0,2
20.0,0.0,0.0,-1.0,-1.0,1
30.0,0.0,18.0,477.0,217.0,0
24.0,1.0,4.0,278.0,283.0,1
33.0,0.0,15.000000000000002,401.0,188.0,1
11.0,2.0,15.000000000000002,5.0,408.0,3
9.0,2.0,15.000000000000002,6.0,409.0,3
20.0,1.0,4.0,326.0,895.0,0
20.0,0.0,15.000000000000002,-1.0,-1.0,1
23.0,1.0,15.000000000000002,88.0,68.0,1
48.0,2.0,16.0,744.0,701.0,2
40.00000000000001,2.0,15.000000000000002,-1.0,-1.0,3
24.0,1.0,16.0,333.0,276.0,2
22.0,2.0,15.000000000000002,-1.0,-1.0,3
16.0,1.0,18.0,170.0,586.0,2
21.0,0.0,15.000000000000002,657.0,508.0,0
21.0,1.0,4.0,828.0,666.0,0
45.00000000000001,2.0,19.0,713.0,912.0,2
14.0,2.0,4.0,-1.0,-1.0,3
41.00000000000001,2.0,15.000000000000002,-1.0,-1.0,3
21.0,0.0,12.999999999999998,-1.0,-1.0,1
25.0,0.0,6.0,-1.0,-1.0,1
23.0,1.0,16.0,543.0,349.0,2
10.0,0.0,9.0,50.0,976.0,0
30.0,0.0,12.0,-1.0,-1.0,1
27.0,1.0,15.000000000000002,449.0,266.0,2
6.0,0.0,4.0,-1.0,-1.0,1
19.0,0.0,12.999999999999998,762.0,679.0,0
17.0,0.0,19.0,198.0,560.0,0
76.0,2.0,3.0,781.0,719.0,2
12.0,0.0,3.0,-1.0,-1.0,1
21.0,1.0,15.000000000000002,829.0,715.0,0
25.0,0.0,12.0,-1.0,-1.0,1
40.00000000000001,2.0,15.000000000000002,984.0,598.0,2
23.0,0.0,12.999999999999998,-1.0,-1.0,1
29.0,1.0,16.0,471.0,238.0,2
19.0,2.0,15.000000000000002,-1.0,-1.0,3
20.0,0.0,1.0,871.0,788.0,0
31.0,1.0,3.0,-1.0,-1.0,1
53.00000000000001,0.0,15.000000000000002,515.0,480.0,0
22.0,0.0,12.0,-1.0,-1.0,1
31.0,0.0,12.999999999999998,-1.0,-1.0,1
22.0,0.0,18.0,865.0,853.0,0
30.0,1.0,4.0,486.0,202.0,2
23.0,0.0,15.000000000000002,-1.0,-1.0,1
15.0,1.0,3.0,-1.0,-1.0,1
34.0,1.0,1.0,466.0,246.99999999999997,2
37.0,2.0,3.0,-1.0,-1.0,3
23.0,1.0,16.0,954.0,12.0,2
19.0,0.0,3.0,114.0,115.0,1
61.99999999999999,0.0,15.000000000000002,-1.0,-1.0,1
13.0,1.0,3.0,987.0,662.0,0
9.0,0.0,4.0,786.0,960.0,0
9.0,0.0,12.999999999999998,-1.0,-1.0,1
34.0,1.0,12.999999999999998,-1.0,-1.0,1
16.0,1.0,18.0,200.0,555.0,2
25.0,0.0,12.999999999999998,-1.0,-1.0,1
33.0,2.0,16.0,-1.0,-1.0,3
52.0,2.0,15.000000000000002,-1.0,-1.0,3
41.99999999999999,0.0,8.0,122.99999999999999,613.0,0
30.0,1.0,10.0,431.0,255.0,2
31.0,0.0,4.0,418.0,261.0,0
38.0,2.0,18.0,-1.0,-1.0,3
30.0,1.0,8.0,481.0,206.0,2
20.0,0.0,16.0,139.0,947.0,0
18.0,2.0,15.000000000000002,194.0,511.00000000000006,2
16.0,0.0,15.000000000000002,-1.0,-1.0,1
31.0,1.0,15.000000000000002,434.0,249.0,2
26.0,0.0,16.0,698.0,817.0,0
8.0,0.0,18.0,-1.0,-1.0,1
31.0,2.0,15.000000000000002,-1.0,-1.0,3
31.0,2.0,18.0,142.0,579.0,2
19.0,2.0,9.0,965.0,19.0,2
46.99999999999999,2.0,4.0,-1.0,-1.0,3
24.0,0.0,15.000000000000002,973.0,142.0,0
17.0,0.0,10.0,267.0,303.0,1
21.0,0.0,14.0,-1.0,-1.0,1
21.0,0.0,16.0,873.0,800.0,0
23.0,0.0,18.0,-1.0,-1.0,1
56.0,2.0,8.0,582.0,568.0,2
56.0,2.0,15.000000000000002,735.0,692.0,2
30.0,1.0,15.000000000000002,482.0,227.0,2
76.0,2.0,15.000000000000002,-1.0,-1.0,3
48.0,2.0,9.0,-1.0,-1.0,3
17.0,0.0,12.999999999999998,-1.0,-1.0,1
23.0,2.0,18.0,880.0,423.0,2
21.0,2.0,15.000000000000002,-1.0,-1.0,3
25.0,2.0,1.0,-1.0,-1.0,3
42.99999999999999,0.0,15.000000000000002,509.00000000000006,441.0,0
20.0,0.0,12.0,655.0,506.0,0
13.0,2.0,12.0,297.0,987.0,2
22.0,1.0,18.0,-1.0,-1.0,1
5.0,2.0,18.0,296.0,934.0,2
20.0,0.0,15.000000000000002,118.0,930.0,0
45.99999999999999,2.0,4.0,740.0,742.0,2
9.0,0.0,19.0,798.0,961.0,0
15.0,1.0,12.0,-1.0,-1.0,1
42.99999999999999,0.0,12.999999999999998,505.00000000000006,518.0,0
21.0,1.0,12.999999999999998,-1.0,-1.0,1
13.0,1.0,12.999999999999998,-1.0,-1.0,1
20.0,2.0,15.000000000000002,903.0,190.0,2
23.0,0.0,16.0,109.0,157.0,1
65.99999999999999,2.0,18.0,916.0,663.0,2
49.00000000000001,2.0,18.0,269.0,282.0,3
49.99999999999999,2.0,15.000000000000002,39.0,920.0,2
18.0,2.0,10.0,168.0,589.0,2
23.0,1.0,12.999999999999998,65.0,101.0,1
23.0,1.0,12.999999999999998,838.0,699.0,0
40.00000000000001,2.0,12.999999999999998,516.0,495.99999999999994,2
45.00000000000001,2.0,12.999999999999998,-1.0,-1.0,3
9.0,1.0,15.000000000000002,900.0,609.0,0
10.0,0.0,12.999999999999998,-1.0,-1.0,1
22.0,0.0,12.999999999999998,772.0,804.0,0
28.0,2.0,15.000000000000002,889.0,120.0,2
31.0,0.0,1.0,-1.0,-1.0,1
31.0,2.0,12.999999999999998,909.0,475.0,2
31.0,0.0,18.0,-1.0,-1.0,1
12.0,0.0,1.0,-1.0,-1.0,1
49.99999999999999,2.0,15.000000000000002,695.0,897.0,2
17.0,2.0,1.0,201.0,554.0,2
33.0,0.0,19.0,-1.0,-1.0,1
28.0,2.0,19.0,894.0,111.0,2
30.0,1.0,9.0,-1.0,-1.0,1
26.0,2.0,18.0,-1.0,-1.0,3
13.0,2.0,15.000000000000002,40.0,981.0,2
61.99999999999999,2.0,18.0,331.0,892.0,2
57.00000000000001,2.0,12.0,586.0,490.0,2
20.0,1.0,9.0,107.0,169.0,1
49.00000000000001,2.0,12.999999999999998,-1.0,-1.0,3
25.0,2.0,12.999999999999998,266.0,301.0,3
61.00000000000001,2.0,4.0,573.0,514.0,2
26.0,0.0,16.0,287.0,298.0,1
25.0,0.0,18.0,-1.0,-1.0,1
23.0,0.0,5.0,-1.0,-1.0,1
22.0,0.0,12.999999999999998,-1.0,-1.0,1
31.0,1.0,12.0,484.0,221.0,2
-1.0,2.0,12.999999999999998,570.0,477.0,2
21.0,2.0,18.0,59.0,407.0,3
14.0,2.0,15.000000000000002,-1.0,-1.0,3
19.0,2.0,19.0,-1.0,-1.0,3
23.0,2.0,8.0,964.0,99.0,2
40.00000000000001,1.0,18.0,284.0,297.0,2
14.0,2.0,15.000000000000002,821.0,92.0,2
39.0,0.0,15.000000000000002,-1.0,-1.0,1
49.00000000000001,2.0,18.0,690.0,845.0,2
25.0,2.0,15.000000000000002,-1.0,-1.0,3
65.99999999999999,2.0,15.000000000000002,490.0,211.0,2
17.0,2.0,9.0,380.0,883.0,2
21.0,1.0,18.0,-1.0,-1.0,1
21.0,1.0,15.000000000000002,69.0,61.99999999999999,1
14.0,0.0,12.999999999999998,4.0,772.0,0
27.0,1.0,18.0,670.0,740.0,0
72.0,2.0,18.0,214.0,573.0,2
42.99999999999999,0.0,12.999999999999998,671.0,739.0,0
11.0,2.0,15.000000000000002,293.0,588.0,2
58.99999999999999,2.0,18.0,560.0,368.0,2
26.0,0.0,1.0,663.0,486.0,0
8.0,0.0,18.0,-1.0,-1.0,1
30.0,2.0,16.0,-1.0,-1.0,3
39.0,0.0,19.0,-1.0,-1.0,1
41.99999999999999,0.0,5.0,-1.0,-1.0,1
8.0,0.0,18.0,989.0,730.0,0
30.0,1.0,1.0,61.99999999999999,910.0,0
32.0,3.0,15.000000000000002,475.0,204.0,2
8.0,0.0,1.0,988.0,661.0,0
28.0,3.0,4.0,-1.0,-1.0,3
19.0,0.0,4.0,334.0,416.0,0
13.0,0.0,12.999999999999998,95.0,926.0,0
38.0,1.0,9.0,518.0,393.0,2
21.0,0.0,9.0,-1.0,-1.0,1
12.0,2.0,18.0,-1.0,-1.0,3
39.0,1.0,18.0,524.0,385.0,2
21.0,1.0,15.000000000000002,-1.0,-1.0,1
21.0,0.0,4.0,-1.0,-1.0,1
18.0,2.0,9.0,119.0,191.0,3
32.0,0.0,18.0,450.0,196.0,0
38.0,1.0,9.0,262.0,388.0,2
17.0,0.0,12.999999999999998,161.0,467.0,0
39.0,1.0,4.0,452.0,399.0,2
52.0,3.0,4.0,-1.0,-1.0,3
56.0,2.0,16.0,363.0,175.0,3
20.0,2.0,16.0,952.0,13.0,2
26.0,0.0,12.999999999999998,364.0,176.0,1
24.0,1.0,12.999999999999998,-1.0,-1.0,1
10.0,0.0,12.999999999999998,-1.0,-1.0,1
68.0,2.0,12.999999999999998,-1.0,-1.0,3
23.0,0.0,12.999999999999998,635.0,522.0,0
11.0,0.0,6.0,787.0,954.0,0
19.0,1.0,12.0,154.0,456.0,1
18.0,1.0,12.999999999999998,862.0,745.0,0
32.0,0.0,16.0,160.0,501.00000000000006,0
23.0,2.0,15.000000000000002,-1.0,-1.0,3
15.0,1.0,12.999999999999998,158.0,457.0,1
38.0,0.0,12.0,637.0,562.0,0
19.0,1.0,4.0,831.0,708.0,0
25.0,0.0,15.000000000000002,860.0,839.0,0
23.0,1.0,18.0,609.0,567.0,2
9.0,2.0,12.999999999999998,21.0,985.0,2
46.99999999999999,2.0,12.999999999999998,937.0,143.0,2
31.0,0.0,4.0,-1.0,-1.0,1
58.99999999999999,2.0,16.0,937.0,143.0,2
29.0,1.0,4.0,485.0,225.0,2
22.0,0.0,12.999999999999998,634.0,520.0,0
12.0,0.0,16.0,370.0,454.0,0
17.0,0.0,18.0,-1.0,-1.0,1
22.0,0.0,4.0,348.0,177.0,1
72.0,0.0,18.0,-1.0,-1.0,1
21.0,0.0,16.0,375.0,253.0,1
40.00000000000001,0.0,4.0,236.0,656.0,0
22.0,3.0,12.0,618.0,524.0,2
20.0,1.0,12.999999999999998,-1.0,-1.0,1
17.0,0.0,15.000000000000002,-1.0,-1.0,1
33.0,1.0,12.999999999999998,-1.0,-1.0,1
30.0,1.0,12.0,-1.0,-1.0,1
23.0,1.0,19.0,614.0,542.0,2
26.0,1.0,10.0,546.0,370.0,2
17.0,0.0,4.0,680.0,855.0,0
42.99999999999999,2.0,16.0,-1.0,-1.0,3
30.0,1.0,12.999999999999998,400.0,277.0,2
36.0,0.0,12.0,177.0,894.0,0
17.0,0.0,15.000000000000002,-1.0,-1.0,1
13.0,2.0,16.0,155.0,453.0,3
45.00000000000001,2.0,16.0,101.0,160.0,3
13.0,0.0,4.0,196.0,541.0,0
46.99999999999999,2.0,15.000000000000002,544.0,348.0,2
29.0,0.0,18.0,-1.0,-1.0,1
23.0,0.0,15.000000000000002,-1.0,-1.0,1
23.0,0.0,18.0,-1.0,-1.0,1
40.00000000000001,0.0,16.0,407.0,352.0,0
14.0,1.0,15.000000000000002,-1.0,-1.0,1
19.0,1.0,16.0,-1.0,-1.0,1
57.00000000000001,2.0,8.0,219.0,644.0,2
14.0,0.0,9.0,-1.0,-1.0,1
23.0,1.0,16.0,957.0,20.0,2
12.0,0.0,12.999999999999998,295.0,306.0,1
19.0,0.0,12.999999999999998,-1.0,-1.0,1
17.0,2.0,16.0,-1.0,-1.0,3
29.0,0.0,4.0,441.0,246.0,0
16.0,1.0,12.999999999999998,830.0,723.0,0
15.0,2.0,18.0,202.0,543.0,2
34.0,2.0,12.999999999999998,910.0,118.0,2
23.0,0.0,19.0,136.0,405.0,1
38.0,0.0,18.0,-1.0,-1.0,1
22.0,0.0,14.0,632.0,538.0,0
26.0,1.0,15.000000000000002,-1.0,-1.0,1
29.0,0.0,1.0,895.0,58.0,0
29.0,2.0,15.000000000000002,937.0,143.0,2
19.0,0.0,16.0,-1.0,-1.0,1
20.0,0.0,18.0,538.0,379.0,0
18.0,0.0,18.0,-1.0,-1.0,1
67.0,2.0,9.0,937.0,143.0,2
41.00000000000001,0.0,15.000000000000002,411.0,355.0,0
27.0,2.0,15.000000000000002,-1.0,-1.0,3
18.0,0.0,15.000000000000002,-1.0,-1.0,1
19.0,1.0,15.000000000000002,-1.0,-1.0,1
35.0,0.0,15.000000000000002,-1.0,-1.0,1
32.0,2.0,15.000000000000002,-1.0,-1.0,3
15.0,0.0,15.000000000000002,852.0,681.0,0
52.0,0.0,16.0,453.0,381.0,0
76.0,2.0,15.000000000000002,-1.0,-1.0,3
21.0,0.0,15.000000000000002,730.0,834.0,0
25.0,2.0,12.999999999999998,937.0,143.0,2
20.0,1.0,15.000000000000002,162.0,446.0,1
20.0,1.0,15.000000000000002,166.0,841.0,0
33.0,2.0,15.000000000000002,803.0,123.99999999999999,2
39.0,2.0,15.000000000000002,937.0,143.0,2
46.99999999999999,2.0,15.000000000000002,937.0,143.0,2
69.0,0.0,15.000000000000002,-1.0,-1.0,1
29.0,0.0,15.000000000000002,309.0,341.0,0
20.0,0.0,15.000000000000002,943.0,16.0,0
22.0,2.0,15.000000000000002,668.0,825.0,2
23.0,2.0,12.999999999999998,307.0,487.0,2
24.0,2.0,16.0,143.0,638.0,2
34.0,2.0,4.0,352.0,390.0,2
27.0,2.0,12.999999999999998,-1.0,-1.0,3
23.0,1.0,16.0,953.0,11.0,2
21.0,0.0,15.000000000000002,208.0,544.0,0
37.0,2.0,15.000000000000002,343.0,391.0,2
48.0,2.0,15.000000000000002,385.0,167.0,3
24.0,0.0,15.000000000000002,173.0,103.0,1
41.99999999999999,0.0,15.000000000000002,402.0,418.0,0
14.0,2.0,15.000000000000002,-1.0,-1.0,3
23.0,0.0,15.000000000000002,-1.0,-1.0,1
39.0,1.0,15.000000000000002,-1.0,-1.0,1
20.0,0.0,15.000000000000002,192.0,527.0,0
41.99999999999999,0.0,15.000000000000002,-1.0,-1.0,1
23.0,2.0,15.000000000000002,215.0,463.0,2
17.0,0.0,15.000000000000002,842.0,658.0,0
17.0,0.0,15.000000000000002,369.0,929.0,0
16.0,0.0,15.000000000000002,-1.0,-1.0,1
16.0,1.0,18.0,961.0,497.0,2
67.0,2.0,15.000000000000002,391.0,437.0,2
19.0,1.0,15.000000000000002,-1.0,-1.0,1
18.0,0.0,15.000000000000002,-1.0,-1.0,1
21.0,0.0,15.000000000000002,661.0,512.0,0
16.0,0.0,15.000000000000002,853.0,675.0,0
30.0,0.0,15.000000000000002,306.0,311.0,1
37.0,0.0,15.000000000000002,113.0,114.0,1
15.0,0.0,15.000000000000002,-1.0,-1.0,1
69.0,0.0,16.0,-1.0,-1.0,1
7.0,0.0,12.999999999999998,792.0,966.0,0
22.0,0.0,15.000000000000002,-1.0,-1.0,1
24.0,2.0,15.000000000000002,-1.0,-1.0,3
15.0,2.0,15.000000000000002,813.0,252.0,2
40.00000000000001,1.0,15.000000000000002,-1.0,-1.0,1
33.0,1.0,12.999999999999998,-1.0,-1.0,1
21.0,0.0,15.000000000000002,-1.0,-1.0,1
73.0,0.0,15.000000000000002,-1.0,-1.0,1
18.0,1.0,15.000000000000002,89.0,70.0,1
40.00000000000001,1.0,15.000000000000002,462.0,406.0,2
26.0,0.0,15.000000000000002,34.0,45.0,1
16.0,0.0,15.000000000000002,845.0,718.0,0
13.0,0.0,15.000000000000002,-1.0,-1.0,1
25.0,2.0,15.000000000000002,98.0,590.0,2
6.0,0.0,19.0,788.0,969.0,0
14.0,0.0,15.000000000000002,133.0,593.0,0
16.0,0.0,9.0,-1.0,-1.0,1
30.0,2.0,15.000000000000002,384.0,193.0,2
52.0,0.0,15.000000000000002,531.0,312.0,0
28.0,1.0,15.000000000000002,498.0,213.0,2
58.99999999999999,2.0,15.000000000000002,725.0,559.0,2
62.99999999999999,2.0,15.000000000000002,-1.0,-1.0,3
14.0,1.0,15.000000000000002,-1.0,-1.0,1
22.0,2.0,9.0,675.0,714.0,2
19.0,0.0,12.999999999999998,890.0,422.0,0
14.0,1.0,15.000000000000002,203.0,425.0,1
68.0,2.0,15.000000000000002,-1.0,-1.0,3
17.0,0.0,12.999999999999998,945.0,14.0,0
25.0,1.0,15.000000000000002,648.0,494.99999999999994,2
65.99999999999999,2.0,19.0,927.0,27.0,2
19.0,0.0,16.0,-1.0,-1.0,1
19.0,2.0,15.000000000000002,45.0,116.0,3
42.99999999999999,0.0,15.000000000000002,886.0,314.0,0
69.0,2.0,15.000000000000002,-1.0,-1.0,3
13.0,0.0,15.000000000000002,-1.0,-1.0,1
13.0,0.0,15.000000000000002,934.0,334.0,0
29.0,2.0,18.0,-1.0,-1.0,3
72.0,0.0,18.0,444.0,226.0,0
15.0,2.0,15.000000000000002,395.0,827.0,2
16.0,0.0,18.0,224.0,655.0,0
15.0,2.0,15.000000000000002,807.0,984.0,2
35.0,0.0,9.0,-1.0,-1.0,1
11.0,0.0,18.0,-1.0,-1.0,1
53.00000000000001,2.0,1.0,32.0,748.0,2
34.0,0.0,18.0,-1.0,-1.0,1
14.0,2.0,18.0,921.0,921.0,2
19.0,1.0,19.0,-1.0,-1.0,1
39.0,0.0,18.0,537.0,429.0,0
48.0,2.0,18.0,913.0,30.0,2
28.0,0.0,15.000000000000002,931.0,28.0,0
19.0,1.0,18.0,867.0,899.0,0
-1.0,2.0,18.0,314.0,139.0,3
32.0,2.0,15.000000000000002,150.0,194.0,3
19.0,1.0,18.0,-1.0,-1.0,1
20.0,0.0,14.0,128.0,842.0,0
19.0,0.0,15.000000000000002,-1.0,-1.0,1
31.0,0.0,1.0,-1.0,-1.0,1
18.0,0.0,15.000000000000002,-1.0,-1.0,1
72.0,2.0,12.999999999999998,178.0,267.0,3
42.99999999999999,2.0,15.000000000000002,711.0,810.0,2
39.0,1.0,18.0,-1.0,-1.0,1
44.0,2.0,1.0,689.0,779.0,2
50.99999999999999,0.0,15.000000000000002,529.0,401.0,0
22.0,0.0,15.000000000000002,199.0,550.0,0
26.0,2.0,15.000000000000002,94.0,121.0,3
21.0,2.0,19.0,116.0,112.0,3
16.0,2.0,15.000000000000002,-1.0,-1.0,3
25.0,2.0,15.000000000000002,682.0,782.0,2
28.0,0.0,15.000000000000002,720.0,760.0,0
19.0,0.0,15.000000000000002,-1.0,-1.0,1
20.0,1.0,12.999999999999998,-1.0,-1.0,1
52.0,2.0,15.000000000000002,185.0,575.0,2
31.0,2.0,15.000000000000002,566.0,354.0,2
18.0,2.0,12.999999999999998,-1.0,-1.0,3
24.0,2.0,15.000000000000002,246.99999999999997,392.0,2
21.0,0.0,15.000000000000002,666.0,481.0,0
8.0,2.0,12.999999999999998,-1.0,-1.0,3
18.0,0.0,12.999999999999998,933.0,96.0,0
20.0,1.0,16.0,-1.0,-1.0,1
23.0,0.0,12.0,928.0,3.0,0
22.0,2.0,16.0,-1.0,-1.0,3
22.0,1.0,12.999999999999998,-1.0,-1.0,1
42.99999999999999,0.0,4.0,464.0,244.0,0
17.0,0.0,12.0,-1.0,-1.0,1
22.0,2.0,16.0,-1.0,-1.0,3
38.0,0.0,4.0,456.0,532.0,0
30.0,0.0,12.0,423.0,269.0,0
30.0,1.0,4.0,-1.0,-1.0,1
16.0,1.0,15.000000000000002,165.0,449.0,1
20.0,0.0,18.0,-1.0,-1.0,1
24.0,0.0,15.000000000000002,-1.0,-1.0,1
33.0,0.0,16.0,-1.0,-1.0,1
19.0,0.0,16.0,-1.0,-1.0,1
18.0,0.0,12.999999999999998,81.0,81.0,1
32.0,2.0,16.0,619.0,878.0,2
46.99999999999999,0.0,15.000000000000002,581.0,570.0,0
16.0,2.0,12.999999999999998,819.0,166.0,2
80.0,0.0,15.000000000000002,-1.0,-1.0,1
19.0,2.0,15.000000000000002,99.0,344.0,3
18.0,0.0,15.000000000000002,749.0,823.0,0
38.0,1.0,15.000000000000002,534.0,338.0,2
73.99999999999999,0.0,15.000000000000002,245.0,461.0,0
41.00000000000001,2.0,15.000000000000002,580.0,868.0,2
10.0,1.0,15.000000000000002,-1.0,-1.0,1
44.0,0.0,15.000000000000002,243.0,464.0,0
9.0,1.0,6.0,900.0,609.0,0
6.0,0.0,15.000000000000002,-1.0,-1.0,1
9.0,1.0,0.0,920.0,922.0,0
22.0,0.0,3.0,926.0,4.0,0
14.0,0.0,15.000000000000002,810.0,91.0,0
23.0,0.0,15.000000000000002,-1.0,-1.0,1
15.0,2.0,15.000000000000002,809.0,113.0,2
11.0,1.0,15.000000000000002,301.0,963.0,0
15.0,2.0,19.0,822.0,94.0,2
18.0,2.0,18.0,330.0,896.0,2
53.99999999999999,2.0,18.0,367.0,877.0,2
7.0,2.0,15.000000000000002,66.0,970.0,2
8.0,0.0,12.999999999999998,793.0,964.0,0
10.0,2.0,12.0,0.0,412.0,3
21.0,0.0,4.0,-1.0,-1.0,1
19.0,0.0,12.999999999999998,-1.0,-1.0,1
21.0,0.0,12.999999999999998,-1.0,-1.0,1
23.0,0.0,12.999999999999998,212.0,500.0,0
26.0,0.0,16.0,318.0,581.0,0
23.0,2.0,12.999999999999998,-1.0,-1.0,3
23.0,1.0,18.0,-1.0,-1.0,1
-1.0,0.0,15.000000000000002,515.0,480.0,0
41.99999999999999,2.0,4.0,512.0,479.0,2
46.99999999999999,2.0,8.0,659.0,492.0,2
23.0,0.0,18.0,-1.0,-1.0,1
22.0,2.0,12.999999999999998,-1.0,-1.0,3
23.0,1.0,19.0,48.0,122.0,1
20.0,0.0,15.000000000000002,115.0,178.0,1
19.0,0.0,15.000000000000002,206.0,565.0,0
52.0,1.0,15.000000000000002,460.0,470.0,2
18.0,2.0,15.000000000000002,946.0,18.0,2
17.0,0.0,18.0,-1.0,-1.0,1
34.0,1.0,4.0,483.0,229.0,2
32.0,0.0,12.999999999999998,-1.0,-1.0,1
20.0,0.0,9.0,-1.0,-1.0,1
16.0,2.0,16.0,-1.0,-1.0,3
42.99999999999999,1.0,9.0,282.0,287.0,2
44.0,2.0,16.0,530.0,376.0,2
18.0,1.0,12.999999999999998,552.0,358.0,2
5.0,0.0,9.0,-1.0,-1.0,1
15.0,2.0,12.999999999999998,564.0,888.0,2
58.99999999999999,2.0,12.999999999999998,591.0,846.0,2
48.0,1.0,12.999999999999998,-1.0,-1.0,3
8.0,2.0,16.0,990.0,968.0,2
38.0,1.0,4.0,465.0,272.0,2
15.0,1.0,10.0,389.0,905.0,0
38.0,1.0,15.000000000000002,435.0,428.0,2
10.0,0.0,16.0,-1.0,-1.0,1
53.00000000000001,2.0,15.000000000000002,-1.0,-1.0,3
52.0,1.0,15.000000000000002,493.0,273.0,2
13.0,0.0,15.000000000000002,882.0,346.0,0
39.0,2.0,15.000000000000002,-1.0,-1.0,3
65.0,2.0,9.0,-1.0,-1.0,3
16.0,0.0,9.0,362.0,815.0,0
7.0,0.0,15.000000000000002,-1.0,-1.0,1
25.0,2.0,18.0,87.0,72.0,3
49.99999999999999,3.0,1.0,499.00000000000006,222.0,2
18.0,0.0,18.0,843.0,709.0,0
13.0,0.0,15.000000000000002,-1.0,-1.0,1
28.0,2.0,18.0,-1.0,-1.0,3
53.99999999999999,3.0,15.000000000000002,902.0,41.0,2
39.0,2.0,18.0,513.0,375.0,2
17.0,1.0,15.000000000000002,542.0,378.0,2
20.0,0.0,1.0,246.0,462.0,0
21.0,1.0,11.000000000000002,849.0,712.0,0
16.0,2.0,1.0,-1.0,-1.0,3
15.0,0.0,15.000000000000002,-1.0,-1.0,1
53.99999999999999,2.0,15.000000000000002,-1.0,-1.0,3
20.0,0.0,1.0,956.0,34.0,0
53.00000000000001,2.0,1.0,-1.0,-1.0,3
18.0,0.0,18.0,759.0,710.0,0
11.0,2.0,1.0,-1.0,-1.0,3
